ability,value,weight,tags
Cantrip,Acid Splash,10,"{""archetype"": [""Smart""], ""stat"": [""CHA"", ""INT""], ""page"": 211}"
Cantrip,Blade Ward,10,"{""archetype"": [""Crafty"", ""Smart""], ""stat"": [""CHA"", ""INT""], ""page"": 218}"
Cantrip,Chill Touch,10,"{""archetype"": [""Crafty"", ""Smart""], ""stat"": [""CHA"", ""INT""], ""page"": 221}"
Cantrip,Dancing Lights,10,"{""archetype"": [""Crafty"", ""Smart""], ""stat"": [""CHA"", ""INT""], ""page"": 230}"
Cantrip,Druidcraft,10,"{""archetype"": [""Smart""], ""stat"": [""WIS""], ""page"": 236}"
Cantrip,Eldritch Blast,10,"{""archetype"": [""Crafty""], ""stat"": [""CHA""], ""page"": 237}"
Cantrip,Fire Bolt,10,"{""archetype"": [""Smart""], ""stat"": [""CHA"", ""INT""], ""page"": 242}"
Cantrip,Friends,10,"{""archetype"": [""Crafty"", ""Smart""], ""stat"": [""CHA"", ""INT""], ""page"": 244}"
Cantrip,Guidance,10,"{""archetype"": [""Faithful"", ""Smart""], ""stat"": [""WIS""], ""page"": 248}"
Cantrip,Light,10,"{""archetype"": [""Crafty"", ""Faithful"", ""Smart""], ""stat"": [""CHA"", ""WIS"", ""INT""], ""page"": 255}"
Cantrip,Mage Hand,10,"{""archetype"": [""Crafty"", ""Smart""], ""stat"": [""CHA"", ""INT""], ""page"": 256}"
Cantrip,Mending,10,"{""archetype"": [""Crafty"", ""Faithful"", ""Smart""], ""stat"": [""CHA"", ""WIS"", ""INT""], ""page"": 259}"
Cantrip,Message,10,"{""archetype"": [""Crafty"", ""Smart""], ""stat"": [""CHA"", ""INT""], ""page"": 259}"
Cantrip,Minor Illusion,10,"{""archetype"": [""Crafty"", ""Smart""], ""stat"": [""CHA"", ""INT""], ""page"": 260}"
Cantrip,Poison Spray,10,"{""archetype"": [""Crafty"", ""Smart""], ""stat"": [""CHA"", ""WIS"", ""INT""], ""page"": 266}"
Cantrip,Prestidigitation,10,"{""archetype"": [""Crafty"", ""Smart""], ""stat"": [""CHA"", ""INT""], ""page"": 267}"
Cantrip,Produce Flame,10,"{""archetype"": [""Smart""], ""stat"": [""WIS""], ""page"": 269}"
Cantrip,Ray of Frost,10,"{""archetype"": [""Smart""], ""stat"": [""CHA"", ""INT""], ""page"": 271}"
Cantrip,Resistance,10,"{""archetype"": [""Faithful"", ""Smart""], ""stat"": [""WIS""], ""page"": 272}"
Cantrip,Sacred Flame,10,"{""archetype"": [""Faithful""], ""stat"": [""WIS""], ""page"": 272}"
Cantrip,Shillelagh,10,"{""archetype"": [""Smart""], ""stat"": [""WIS""], ""page"": 275}"
Cantrip,Shocking Grasp,10,"{""archetype"": [""Smart""], ""stat"": [""CHA"", ""INT""], ""page"": 275}"
Cantrip,Spare the Dying,10,"{""archetype"": [""Faithful""], ""stat"": [""WIS""], ""page"": 277}"
Cantrip,Thaumaturgy,10,"{""archetype"": [""Faithful""], ""stat"": [""WIS""], ""page"": 282}"
Cantrip,Thorn Whip,10,"{""archetype"": [""Smart""], ""stat"": [""WIS""], ""page"": 282}"
Cantrip,True Strike,10,"{""archetype"": [""Crafty"", ""Smart""], ""stat"": [""CHA""], ""page"": 284}"
Cantrip,Vicious Mockery,10,"{""archetype"": [""Crafty""], ""stat"": [""CHA""], ""page"": 285}"
Spell,Aid,10,"{""archetype"": [""Faithful""], ""stat"": [""WIS"", ""CHA""], ""school"": ""Abjuration"", ""level"": 2, ""page"": 211}"
Spell,Alarm,10,"{""archetype"": [""Smart""], ""stat"": [""INT""], ""school"": ""Abjuration"", ""level"": 1, ""page"": 211}"
Spell,Alarm,10,"{""archetype"": [""Crafty""], ""stat"": [""WIS""], ""school"": ""Abjuration"", ""level"": 1, ""page"": 211}"
Spell,Alter Self,10,"{""archetype"": [""Smart""], ""stat"": [""INT"", ""CHA""], ""school"": ""Transmutation"", ""level"": 2, ""page"": 211}"
Spell,Animal Friendship,10,"{""archetype"": [""Smart"", ""Crafty""], ""stat"": [""WIS""], ""school"": ""Enchantment"", ""level"": 1, ""page"": 212}"
Spell,Animal Friendship,10,"{""archetype"": [""Crafty""], ""stat"": [""CHA""], ""school"": ""Enchantment"", ""level"": 1, ""page"": 212}"
Spell,Animal Messenger,10,"{""archetype"": [""Smart"", ""Crafty""], ""stat"": [""WIS""], ""school"": ""Enchantment"", ""level"": 2, ""page"": 212}"
Spell,Animal Messenger,10,"{""archetype"": [""Crafty""], ""stat"": [""CHA""], ""school"": ""Enchantment"", ""level"": 2, ""page"": 212}"
Spell,Animal Shape,10,"{""archetype"": [""Smart""], ""stat"": [""WIS""], ""school"": ""Transmutation"", ""level"": 8, ""page"": 212}"
Spell,Animate Dead,10,"{""archetype"": [""Smart""], ""stat"": [""INT""], ""school"": ""Necromancy"", ""level"": 3, ""page"": 212}"
Spell,Animate Dead,10,"{""archetype"": [""Faithful""], ""stat"": [""WIS"", ""CHA""], ""school"": ""Necromancy"", ""level"": 3, ""page"": 212}"
Spell,Animate Objects,10,"{""archetype"": [""Smart"", ""Crafty""], ""stat"": [""INT"", ""CHA""], ""school"": ""Transmutation"", ""level"": 5, ""page"": 213}"
Spell,Antilife Shell,10,"{""archetype"": [""Smart""], ""stat"": [""WIS""], ""school"": ""Abjuration"", ""level"": 5, ""page"": 213}"
Spell,Antimagic Shield,10,"{""archetype"": [""Smart""], ""stat"": [""INT""], ""school"": ""Abjuration"", ""level"": 8, ""page"": 213}"
Spell,Antimagic Shield,10,"{""archetype"": [""Faithful""], ""stat"": [""WIS""], ""school"": ""Abjuration"", ""level"": 8, ""page"": 213}"
Spell,Antipathy/Sympathy,10,"{""archetype"": [""Smart""], ""stat"": [""INT"", ""WIS""], ""school"": ""Enchantment"", ""level"": 8, ""page"": 214}"
Spell,Arcane Eye,10,"{""archetype"": [""Smart""], ""stat"": [""INT""], ""school"": ""Divination"", ""level"": 4, ""page"": 213}"
Spell,Arcane Gate,10,"{""archetype"": [""Smart"", ""Crafty""], ""stat"": [""INT"", ""CHA""], ""school"": ""Conjuration"", ""level"": 6, ""page"": 213}"
Spell,Arcane Lock,10,"{""archetype"": [""Smart""], ""stat"": [""INT""], ""school"": ""Abjuration"", ""level"": 2, ""page"": 215}"
Spell,Armor of Agathys,10,"{""archetype"": [""Crafty""], ""stat"": [""CHA""], ""school"": ""Abjuration"", ""level"": 1, ""page"": 215}"
Spell,Arms of Hadar,10,"{""archetype"": [""Crafty""], ""stat"": [""CHA""], ""school"": ""Conjuration"", ""level"": 1, ""page"": 215}"
Spell,Astral Projection,10,"{""archetype"": [""Smart""], ""stat"": [""INT""], ""school"": ""Necromancy"", ""level"": 9, ""page"": 215}"
Spell,Astral Projection,10,"{""archetype"": [""Faithful""], ""stat"": [""WIS""], ""school"": ""Necromancy"", ""level"": 9, ""page"": 215}"
Spell,Augury,10,"{""archetype"": [""Faithful""], ""stat"": [""WIS""], ""school"": ""Divination"", ""level"": 2, ""page"": 215}"
Spell,Aura of Life,10,"{""archetype"": [""Faithful""], ""stat"": [""CHA""], ""school"": ""Abjuration"", ""level"": 4, ""page"": 216}"
Spell,Aura of Purity,10,"{""archetype"": [""Faithful""], ""stat"": [""CHA""], ""school"": ""Abjuration"", ""level"": 4, ""page"": 216}"
Spell,Aura of Vitality,10,"{""archetype"": [""Faithful""], ""stat"": [""CHA""], ""school"": ""Evocation"", ""level"": 3, ""page"": 216}"
Spell,Awaken,10,"{""archetype"": [""Smart""], ""stat"": [""WIS""], ""school"": ""Transmutation"", ""level"": 5, ""page"": 216}"
Spell,Awaken,10,"{""archetype"": [""Crafty""], ""stat"": [""CHA""], ""school"": ""Transmutation"", ""level"": 5, ""page"": 216}"
Spell,Bane,10,"{""archetype"": [""Faithful"", ""Crafty""], ""stat"": [""WIS"", ""CHA""], ""school"": ""Enchantment"", ""level"": 1, ""page"": 216}"
Spell,Banishing Smite,10,"{""archetype"": [""Faithful""], ""stat"": [""CHA""], ""school"": ""Evocation"", ""level"": 2, ""page"": 216}"
Spell,Banishment,10,"{""archetype"": [""Smart"", ""Faithful""], ""stat"": [""INT"", ""WIS"", ""CHA""], ""school"": ""Abjuration"", ""level"": 4, ""page"": 217}"
Spell,Barkskin,10,"{""archetype"": [""Smart"", ""Crafty""], ""stat"": [""WIS""], ""school"": ""Transmutation"", ""level"": 2, ""page"": 217}"
Spell,Beacon of Hope,10,"{""archetype"": [""Faithful""], ""stat"": [""WIS""], ""school"": ""Abjuration"", ""level"": 3, ""page"": 217}"
Spell,Beast Sense,10,"{""archetype"": [""Smart"", ""Crafty""], ""stat"": [""WIS""], ""school"": ""Divination"", ""level"": 2, ""page"": 217}"
Spell,Bestow Curse,10,"{""archetype"": [""Smart""], ""stat"": [""INT""], ""school"": ""Necromancy"", ""level"": 3, ""page"": 218}"
Spell,Bestow Curse,10,"{""archetype"": [""Crafty""], ""stat"": [""CHA""], ""school"": ""Necromancy"", ""level"": 3, ""page"": 218}"
Spell,Bestow Curse,10,"{""archetype"": [""Faithful""], ""stat"": [""WIS""], ""school"": ""Necromancy"", ""level"": 3, ""page"": 218}"
Spell,"Bigby's Hand",10,"{""archetype"": [""Smart""], ""stat"": [""INT""], ""school"": ""Evocation"", ""level"": 5, ""page"": 218}"
Spell,Blade Barrier,10,"{""archetype"": [""Faithful""], ""stat"": [""WIS""], ""school"": ""Evocation"", ""level"": 6, ""page"": 218}"
Spell,Bless,10,"{""archetype"": [""Faithful""], ""stat"": [""WIS"", ""CHA""], ""school"": ""Enchantment"", ""level"": 1, ""page"": 219}"
Spell,Blight,10,"{""archetype"": [""Smart"", ""Crafty""], ""stat"": [""INT"", ""WIS"", ""CHA""], ""school"": ""Necromancy"", ""level"": 4, ""page"": 219}"
Spell,Blinding Smite,10,"{""archetype"": [""Faithful""], ""stat"": [""CHA""], ""school"": ""Evocation"", ""level"": 3, ""page"": 219}"
Spell,BlindnessDeafness,10,"{""archetype"": [""Smart"", ""Crafty""], ""stat"": [""INT"", ""CHA""], ""school"": ""Necromancy"", ""level"": 2, ""page"": 219}"
Spell,BlindnessDeafness,10,"{""archetype"": [""Faithful""], ""stat"": [""WIS""], ""school"": ""Necromancy"", ""level"": 2, ""page"": 219}"
Spell,Blink,10,"{""archetype"": [""Smart""], ""stat"": [""CHA"", ""INT""], ""school"": ""Transmutation"", ""level"": 3, ""page"": 219}"
Spell,Blue,10,"{""archetype"": [""Smart""], ""stat"": [""CHA"", ""INT""], ""school"": ""Illusion"", ""level"": 2, ""page"": 219}"
Spell,Branding Smite,10,"{""archetype"": [""Faithful""], ""stat"": [""CHA""], ""school"": ""Evocation"", ""level"": 2, ""page"": 219}"
Spell,Burning Hands,10,"{""archetype"": [""Smart""], ""stat"": [""CHA"", ""INT""], ""school"": ""Evocation"", ""level"": 1, ""page"": 220}"
Spell,Call Lightning,10,"{""archetype"": [""Smart""], ""stat"": [""WIS""], ""school"": ""Conjuration"", ""level"": 3, ""page"": 220}"
Spell,Calm Emotions,10,"{""archetype"": [""Faithful""], ""stat"": [""WIS""], ""school"": ""Enchantment"", ""level"": 2, ""page"": 221}"
Spell,Calm Emotions,10,"{""archetype"": [""Crafty""], ""stat"": [""CHA""], ""school"": ""Enchantment"", ""level"": 2, ""page"": 221}"
Spell,Chain Lightning,10,"{""archetype"": [""Smart""], ""stat"": [""CHA"", ""INT""], ""school"": ""Evocation"", ""level"": 6, ""page"": 221}"
Spell,Charm Person,10,"{""archetype"": [""Smart"", ""Crafty""], ""stat"": [""CHA"", ""INT""], ""school"": ""Evocation"", ""level"": 3, ""page"": 221}"
Spell,Charm Person,10,"{""archetype"": [""Smart""], ""stat"": [""WIS""], ""school"": ""Enchantment"", ""level"": 1, ""page"": 221}"
Spell,Chromatic Orb,10,"{""archetype"": [""Smart""], ""stat"": [""CHA"", ""INT""], ""school"": ""Evocation"", ""level"": 1, ""page"": 221}"
Spell,Circle of Death,10,"{""archetype"": [""Smart"", ""Crafty""], ""stat"": [""CHA"", ""INT""], ""school"": ""Necromancy"", ""level"": 6, ""page"": 221}"
Spell,Circle of Power,10,"{""archetype"": [""Faithful""], ""stat"": [""CHA""], ""school"": ""Abjuration"", ""level"": 5, ""page"": 221}"
Spell,Clairvoyance,10,"{""archetype"": [""Crafty"", ""Smart""], ""stat"": [""CHA"", ""INT""], ""school"": ""Divination"", ""level"": 3, ""page"": 222}"
Spell,Clairvoyance,10,"{""archetype"": [""Faithful""], ""stat"": [""WIS""], ""school"": ""Divination"", ""level"": 3, ""page"": 222}"
Spell,Clone,10,"{""archetype"": [""Smart""], ""stat"": [""INT""], ""school"": ""Necromancy"", ""level"": 8, ""page"": 222}"
Spell,Cloud of Daggers,10,"{""archetype"": [""Smart"", ""Crafty""], ""stat"": [""INT"", ""CHA""], ""school"": ""Conjuration"", ""level"": 2, ""page"": 222}"
Spell,Cloudkill,10,"{""archetype"": [""Smart""], ""stat"": [""INT"", ""CHA""], ""school"": ""Conjuration"", ""level"": 5, ""page"": 222}"
Spell,Color Spray,10,"{""archetype"": [""Smart""], ""stat"": [""INT"", ""CHA""], ""school"": ""Illusion"", ""level"": 1, ""page"": 222}"
Spell,Command,10,"{""archetype"": [""Faithful""], ""stat"": [""WIS"", ""CHA""], ""school"": ""Enchantment"", ""level"": 1, ""page"": 223}"
Spell,Commune,10,"{""archetype"": [""Faithful""], ""stat"": [""WIS""], ""school"": ""Divination"", ""level"": 5, ""page"": 223}"
Spell,Commune with Nature,10,"{""archetype"": [""Smart"", ""Crafty""], ""stat"": [""WIS""], ""school"": ""Divination"", ""level"": 5, ""page"": 224}"
Spell,Compelled Duel,10,"{""archetype"": [""Faithful""], ""stat"": [""CHA""], ""school"": ""Enchantment"", ""level"": 1, ""page"": 224}"
Spell,Comprehend Languages,10,"{""archetype"": [""Smart"", ""Crafty""], ""stat"": [""INT"", ""CHA""], ""school"": ""Divination"", ""level"": 1, ""page"": 224}"
Spell,Compulsion,10,"{""archetype"": [""Crafty""], ""stat"": [""CHA""], ""school"": ""Enchantment"", ""level"": 4, ""page"": 224}"
Spell,Cone of Cold,10,"{""archetype"": [""Smart""], ""stat"": [""INT"", ""CHA""], ""school"": ""Evocation"", ""level"": 5, ""page"": 224}"
Spell,Confusion,10,"{""archetype"": [""Smart"", ""Crafty""], ""stat"": [""INT"", ""CHA""], ""school"": ""Enchantment"", ""level"": 4, ""page"": 224}"
Spell,Confusion,10,"{""archetype"": [""Smart""], ""stat"": [""WIS""], ""school"": ""Enchantment"", ""level"": 4, ""page"": 224}"
Spell,Conjure Animals,10,"{""archetype"": [""Smart"", ""Crafty""], ""stat"": [""WIS""], ""school"": ""Conjuration"", ""level"": 3, ""page"": 225}"
Spell,Conjure Barrage,10,"{""archetype"": [""Crafty""], ""stat"": [""WIS""], ""school"": ""Conjuration"", ""level"": 3, ""page"": 225}"
Spell,Conjure Celestial,10,"{""archetype"": [""Faithful""], ""stat"": [""WIS""], ""school"": ""Conjuration"", ""level"": 7, ""page"": 225}"
Spell,Conjure Elemental,10,"{""archetype"": [""Smart""], ""stat"": [""INT"", ""WIS""], ""school"": ""Conjuration"", ""level"": 5, ""page"": 225}"
Spell,Conjure Fey,10,"{""archetype"": [""Crafty""], ""stat"": [""CHA""], ""school"": ""Conjuration"", ""level"": 6, ""page"": 226}"
Spell,Conjure Fey,10,"{""archetype"": [""Smart""], ""stat"": [""WIS""], ""school"": ""Conjuration"", ""level"": 6, ""page"": 226}"
Spell,Conjure Minor Elemental,10,"{""archetype"": [""Smart""], ""stat"": [""INT"", ""WIS""], ""school"": ""Conjuration"", ""level"": 5, ""page"": 226}"
Spell,Conjure Volley,10,"{""archetype"": [""Crafty""], ""stat"": [""WIS""], ""school"": ""Conjuration"", ""level"": 5, ""page"": 226}"
Spell,Conjure Woodland Beings,10,"{""archetype"": [""Crafty"", ""Smart""], ""stat"": [""WIS""], ""school"": ""Conjuration"", ""level"": 4, ""page"": 226}"
Spell,Contact Other Plane,10,"{""archetype"": [""Smart""], ""stat"": [""INT""], ""school"": ""Divination"", ""level"": 5, ""page"": 226}"
Spell,Contact Other Plane,10,"{""archetype"": [""Crafty""], ""stat"": [""CHA""], ""school"": ""Divination"", ""level"": 5, ""page"": 226}"
Spell,Contagion,10,"{""archetype"": [""Faithful"", ""Smart""], ""stat"": [""WIS""], ""school"": ""Necromancy"", ""level"": 5, ""page"": 227}"
Spell,Contingency,10,"{""archetype"": [""Smart""], ""stat"": [""INT""], ""school"": ""Evocation"", ""level"": 6, ""page"": 227}"
Spell,Continual Flame,10,"{""archetype"": [""Faithful""], ""stat"": [""WIS""], ""school"": ""Evocation"", ""level"": 2, ""page"": 227}"
Spell,Continual Flame,10,"{""archetype"": [""Smart""], ""stat"": [""INT""], ""school"": ""Evocation"", ""level"": 2, ""page"": 227}"
Spell,Control Water,10,"{""archetype"": [""Smart"", ""Faithful""], ""stat"": [""INT"", ""WIS""], ""school"": ""Transmutation"", ""level"": 4, ""page"": 227}"
Spell,Control Weather,10,"{""archetype"": [""Smart"", ""Faithful""], ""stat"": [""WIS"", ""INT""], ""school"": ""Transmutation"", ""level"": 8, ""page"": 228}"
Spell,Cordon of Arrows,10,"{""archetype"": [""Crafty""], ""stat"": [""WIS""], ""school"": ""Transmutation"", ""level"": 2, ""page"": 228}"
Spell,Counterspell,10,"{""archetype"": [""Crafty"", ""Smart""], ""stat"": [""INT"", ""CHA""], ""school"": ""Abjuration"", ""level"": 3, ""page"": 228}"
Spell,Create Food and Water,10,"{""archetype"": [""Faithful""], ""stat"": [""WIS"", ""CHA""], ""school"": ""Conjuration"", ""level"": 3, ""page"": 229}"
Spell,Create or Destroy Water,10,"{""archetype"": [""Faithful"", ""Smart""], ""stat"": [""WIS""], ""school"": ""Transmutation"", ""level"": 1, ""page"": 229}"
Spell,Create Undead,10,"{""archetype"": [""Smart""], ""stat"": [""INT""], ""school"": ""Necromancy"", ""level"": 6, ""page"": 229}"
Spell,Create Undead,10,"{""archetype"": [""Crafty""], ""stat"": [""CHA""], ""school"": ""Necromancy"", ""level"": 6, ""page"": 229}"
Spell,Create Undead,10,"{""archetype"": [""Faithful""], ""stat"": [""WIS""], ""school"": ""Necromancy"", ""level"": 6, ""page"": 229}"
Spell,Creation,10,"{""archetype"": [""Smart""], ""stat"": [""INT"", ""CHA""], ""school"": ""Illusion"", ""level"": 5, ""page"": 229}"
Spell,Crown of Madness,10,"{""archetype"": [""Crafty"", ""Smart""], ""stat"": [""INT"", ""CHA""], ""school"": ""Enchantment"", ""level"": 2, ""page"": 229}"
Spell,"Crusader's Mantle",10,"{""archetype"": [""Faithful""], ""stat"": [""CHA""], ""school"": ""Evocation"", ""level"": 3, ""page"": 230}"
Spell,Cure Wounds,10,"{""archetype"": [""Crafty"", ""Faithful""], ""stat"": [""CHA"", ""WIS""], ""school"": ""Evocation"", ""level"": 1, ""page"": 230}"
Spell,Darkness,10,"{""archetype"": [""Crafty"", ""Smart""], ""stat"": [""CHA"", ""INT""], ""school"": ""Evocation"", ""level"": 2, ""page"": 230}"
Spell,Darkvision,10,"{""archetype"": [""Crafty""], ""stat"": [""WIS""], ""school"": ""Transmutation"", ""level"": 2, ""page"": 230}"
Spell,Darkvision,10,"{""archetype"": [""Smart""], ""stat"": [""WIS"", ""INT"", ""CHA""], ""school"": ""Transmutation"", ""level"": 2, ""page"": 230}"
Spell,Daylight,10,"{""archetype"": [""Smart"", ""Faithful""], ""stat"": [""WIS"", ""CHA""], ""school"": ""Evocation"", ""level"": 3, ""page"": 230}"
Spell,Death Ward,10,"{""archetype"": [""Faithful""], ""stat"": [""WIS"", ""CHA""], ""school"": ""Abjuration"", ""level"": 4, ""page"": 230}"
Spell,Delayed Blast Fireball,10,"{""archetype"": [""Smart""], ""stat"": [""INT"", ""CHA""], ""school"": ""Evocation"", ""level"": 7, ""page"": 230}"
Spell,Demiplane,10,"{""archetype"": [""Smart""], ""stat"": [""INT""], ""school"": ""Conjuration"", ""level"": 8, ""page"": 231}"
Spell,Demiplane,10,"{""archetype"": [""Crafty""], ""stat"": [""CHA""], ""school"": ""Conjuration"", ""level"": 8, ""page"": 231}"
Spell,Destructive Wave,10,"{""archetype"": [""Faithful""], ""stat"": [""CHA""], ""school"": ""Evocation"", ""level"": 5, ""page"": 231}"
Spell,Detect Evil and Good,10,"{""archetype"": [""Faithful""], ""stat"": [""WIS"", ""CHA""], ""school"": ""Divination"", ""level"": 1, ""page"": 231}"
Spell,Detect Magic,10,"{""archetype"": [""Crafty"", ""Smart"", ""Faithful""], ""stat"": [""WIS"", ""CHA"", ""INT""], ""school"": ""Divination"", ""level"": 1, ""page"": 231}"
Spell,Detect Poison and Disease,10,"{""archetype"": [""Faithful"", ""Smart"", ""Crafty""], ""stat"": [""WIS""], ""school"": ""Divination"", ""level"": 1, ""page"": 231}"
Spell,Detect Poison and Disease,10,"{""archetype"": [""Faithful""], ""stat"": [""CHA""], ""school"": ""Divination"", ""level"": 1, ""page"": 231}"
Spell,Detect Thoughts,10,"{""archetype"": [""Smart"", ""Crafty""], ""stat"": [""CHA"", ""INT""], ""school"": ""Divination"", ""level"": 2, ""page"": 231}"
Spell,Dimension Door,10,"{""archetype"": [""Smart"", ""Crafty""], ""stat"": [""CHA"", ""INT""], ""school"": ""Conjuration"", ""level"": 4, ""page"": 233}"
Spell,Disguise Self,10,"{""archetype"": [""Smart"", ""Crafty""], ""stat"": [""CHA"", ""INT""], ""school"": ""Illusion"", ""level"": 1, ""page"": 233}"
Spell,Disintegrate,10,"{""archetype"": [""Smart""], ""stat"": [""CHA"", ""INT""], ""school"": ""Transmutation"", ""level"": 6, ""page"": 233}"
Spell,Dispel Evil and Good,10,"{""archetype"": [""Faithful""], ""stat"": [""CHA"", ""WIS""], ""school"": ""Abjuration"", ""level"": 5, ""page"": 233}"
Spell,Dispel Magic,10,"{""archetype"": [""Faithful"", ""Smart"", ""Crafty""], ""stat"": [""CHA"", ""INT"", ""WIS""], ""school"": ""Abjuration"", ""level"": 3, ""page"": 234}"
Spell,Dissonant Whispers,10,"{""archetype"": [""Crafty""], ""stat"": [""CHA""], ""school"": ""Enchantment"", ""level"": 1, ""page"": 234}"
Spell,Divination,10,"{""archetype"": [""Faithful""], ""stat"": [""WIS""], ""school"": ""Divination"", ""level"": 4, ""page"": 234}"
Spell,Divine Favor,10,"{""archetype"": [""Faithful""], ""stat"": [""CHA""], ""school"": ""Evocation"", ""level"": 1, ""page"": 234}"
Spell,Divine Word,10,"{""archetype"": [""Faithful""], ""stat"": [""WIS""], ""school"": ""Evocation"", ""level"": 7, ""page"": 234}"
Spell,Dominate Beast,10,"{""archetype"": [""Smart""], ""stat"": [""WIS"", ""CHA""], ""school"": ""Enchantment"", ""level"": 4, ""page"": 234}"
Spell,Dominate Monster,10,"{""archetype"": [""Smart"", ""Crafty""], ""stat"": [""INT"", ""CHA""], ""school"": ""Enchantment"", ""level"": 8, ""page"": 235}"
Spell,Dominate Person,10,"{""archetype"": [""Smart"", ""Crafty""], ""stat"": [""INT"", ""CHA""], ""school"": ""Enchantment"", ""level"": 5, ""page"": 235}"
Spell,"Dwamij's Instant Summons",10,"{""archetype"": [""Smart""], ""stat"": [""INT""], ""school"": ""Conjuration"", ""level"": 6, ""page"": 235}"
Spell,Dream,10,"{""archetype"": [""Smart""], ""stat"": [""INT""], ""school"": ""Illusion"", ""level"": 5, ""page"": 236}"
Spell,Dream,10,"{""archetype"": [""Crafty""], ""stat"": [""CHA""], ""school"": ""Illusion"", ""level"": 5, ""page"": 236}"
Spell,Earthquake,10,"{""archetype"": [""Smart""], ""stat"": [""CHA""], ""school"": ""Evocation"", ""level"": 8, ""page"": 236}"
Spell,Earthquake,10,"{""archetype"": [""Smart"", ""Faithful""], ""stat"": [""WIS""], ""school"": ""Evocation"", ""level"": 8, ""page"": 236}"
Spell,Elemental Weapon,10,"{""archetype"": [""Faithful""], ""stat"": [""CHA""], ""school"": ""Transmutation"", ""level"": 3, ""page"": 237}"
Spell,Enhance Ability,10,"{""archetype"": [""Faithful"", ""Crafty""], ""stat"": [""WIS""], ""school"": ""Transmutation"", ""level"": 2, ""page"": 237}"
Spell,Enhance Ability,10,"{""archetype"": [""Smart"", ""Crafty""], ""stat"": [""INT"", ""CHA""], ""school"": ""Transmutation"", ""level"": 2, ""page"": 237}"
Spell,Enlarge/Reduce,10,"{""archetype"": [""Smart""], ""stat"": [""INT"", ""CHA""], ""school"": ""Transmutation"", ""level"": 2, ""page"": 237}"
Spell,Ensnaring Strike,10,"{""archetype"": [""Crafty""], ""stat"": [""WIS""], ""school"": ""Conjuration"", ""level"": 1, ""page"": 237}"
Spell,Entangle,10,"{""archetype"": [""Smart""], ""stat"": [""WIS""], ""school"": ""Conjuration"", ""level"": 1, ""page"": 238}"
Spell,Enthrall,10,"{""archetype"": [""Crafty""], ""stat"": [""CHA""], ""school"": ""Enchantment"", ""level"": 2, ""page"": 238}"
Spell,Etherealness,10,"{""archetype"": [""Faithful""], ""stat"": [""WIS""], ""school"": ""Transmutation"", ""level"": 7, ""page"": 238}"
Spell,Etherealness,10,"{""archetype"": [""Smart"", ""Crafty""], ""stat"": [""INT"", ""CHA""], ""school"": ""Transmutation"", ""level"": 7, ""page"": 238}"
Spell,"Evard's Black Tentacles",10,"{""archetype"": [""Smart""], ""stat"": [""INT""], ""school"": ""Conjuration"", ""level"": 4, ""page"": 238}"
Spell,Expeditious Retreat,10,"{""archetype"": [""Smart"", ""Crafty""], ""stat"": [""CHA"", ""INT""], ""school"": ""Transmutation"", ""level"": 1, ""page"": 238}"
Spell,Eyebite,10,"{""archetype"": [""Smart"", ""Crafty""], ""stat"": [""INT"", ""CHA""], ""school"": ""Necromancy"", ""level"": 6, ""page"": 238}"
Spell,Fabricate,10,"{""archetype"": [""Smart""], ""stat"": [""INT""], ""school"": ""Transmutation"", ""level"": 4, ""page"": 239}"
Spell,Faerie Fire,10,"{""archetype"": [""Crafty""], ""stat"": [""CHA""], ""school"": ""Evocation"", ""level"": 1, ""page"": 239}"
Spell,Faerie Fire,10,"{""archetype"": [""Smart""], ""stat"": [""WIS""], ""school"": ""Evocation"", ""level"": 1, ""page"": 239}"
Spell,False Life,10,"{""archetype"": [""Smart""], ""stat"": [""CHA"", ""INT""], ""school"": ""Necromancy"", ""level"": 1, ""page"": 239}"
Spell,Fear,10,"{""archetype"": [""Smart"", ""Crafty""], ""stat"": [""INT"", ""CHA""], ""school"": ""Illusion"", ""level"": 3, ""page"": 239}"
Spell,Feather Fall,10,"{""archetype"": [""Smart"", ""Crafty""], ""stat"": [""INT"", ""CHA""], ""school"": ""Transmutation"", ""level"": 1, ""page"": 239}"
Spell,Feeblemind,10,"{""archetype"": [""Smart""], ""stat"": [""WIS"", ""INT""], ""school"": ""Enchantment"", ""level"": 8, ""page"": 239}"
Spell,Feeblemind,10,"{""archetype"": [""Crafty""], ""stat"": [""CHA""], ""school"": ""Enchantment"", ""level"": 8, ""page"": 239}"
Spell,Feign Death,10,"{""archetype"": [""Faithful""], ""stat"": [""WIS""], ""school"": ""Necromancy"", ""level"": 3, ""page"": 240}"
Spell,Feign Death,10,"{""archetype"": [""Smart""], ""stat"": [""INT""], ""school"": ""Necromancy"", ""level"": 3, ""page"": 240}"
Spell,Find Familiar,10,"{""archetype"": [""Smart""], ""stat"": [""INT""], ""school"": ""Conjuration"", ""level"": 1, ""page"": 240}"
Spell,Find Steed,10,"{""archetype"": [""Faithful""], ""stat"": [""CHA""], ""school"": ""Conjuration"", ""level"": 2, ""page"": 240}"
Spell,Find the Path,10,"{""archetype"": [""Crafty""], ""stat"": [""CHA""], ""school"": ""Divination"", ""level"": 6, ""page"": 240}"
Spell,Find the Path,10,"{""archetype"": [""Smart"", ""Faithful""], ""stat"": [""WIS""], ""school"": ""Divination"", ""level"": 6, ""page"": 240}"
Spell,Find Traps,10,"{""archetype"": [""Smart"", ""Faithful""], ""stat"": [""WIS""], ""school"": ""Divination"", ""level"": 2, ""page"": 241}"
Spell,Finger of Death,10,"{""archetype"": [""Smart"", ""Crafty""], ""stat"": [""CHA"", ""INT""], ""school"": ""Necromancy"", ""level"": 7, ""page"": 241}"
Spell,Fireball,10,"{""archetype"": [""Smart""], ""stat"": [""INT"", ""CHA""], ""school"": ""Evocation"", ""level"": 3, ""page"": 241}"
Spell,Fire Shield,10,"{""archetype"": [""Smart""], ""stat"": [""INT""], ""school"": ""Evocation"", ""level"": 4, ""page"": 242}"
Spell,Fire Storm,10,"{""archetype"": [""Smart""], ""stat"": [""CHA""], ""school"": ""Evocation"", ""level"": 7, ""page"": 242}"
Spell,Fire Storm,10,"{""archetype"": [""Smart"", ""Faithful""], ""stat"": [""WIS""], ""school"": ""Evocation"", ""level"": 7, ""page"": 242}"
Spell,Fire Blade,10,"{""archetype"": [""Smart""], ""stat"": [""WIS""], ""school"": ""Evocation"", ""level"": 2, ""page"": 242}"
Spell,Flame Strike,10,"{""archetype"": [""Faithful""], ""stat"": [""WIS""], ""school"": ""Evocation"", ""level"": 5, ""page"": 242}"
Spell,Flaming Sphere,10,"{""archetype"": [""Smart""], ""stat"": [""WIS"", ""INT""], ""school"": ""Conjuration"", ""level"": 2, ""page"": 242}"
Spell,Flesh to Stone,10,"{""archetype"": [""Smart""], ""stat"": [""INT""], ""school"": ""Transmutation"", ""level"": 6, ""page"": 243}"
Spell,Flesh to Stone,10,"{""archetype"": [""Crafty""], ""stat"": [""CHA""], ""school"": ""Transmutation"", ""level"": 6, ""page"": 243}"
Spell,Floating Disk,10,"{""archetype"": [""Smart""], ""stat"": [""INT""], ""school"": ""Conjuration"", ""level"": 1, ""page"": 243}"
Spell,Fly,10,"{""archetype"": [""Smart"", ""Crafty""], ""stat"": [""INT"", ""CHA""], ""school"": ""Transmutation"", ""level"": 3, ""page"": 243}"
Spell,Fog Cloud,10,"{""archetype"": [""Smart""], ""stat"": [""WIS"", ""INT"", ""CHA""], ""school"": ""Conjuration"", ""level"": 1, ""page"": 243}"
Spell,Fog Cloud,10,"{""archetype"": [""Crafty""], ""stat"": [""WIS""], ""school"": ""Conjuration"", ""level"": 1, ""page"": 243}"
Spell,Forbiddance,10,"{""archetype"": [""Faithful""], ""stat"": [""WIS""], ""school"": ""Abjuration"", ""level"": 6, ""page"": 243}"
Spell,Forcecage,10,"{""archetype"": [""Smart""], ""stat"": [""INT""], ""school"": ""Evocation"", ""level"": 7, ""page"": 243}"
Spell,Forcecage,10,"{""archetype"": [""Crafty""], ""stat"": [""CHA""], ""school"": ""Evocation"", ""level"": 7, ""page"": 243}"
Spell,Foresight,10,"{""archetype"": [""Smart""], ""stat"": [""WIS"", ""INT""], ""school"": ""Divination"", ""level"": 9, ""page"": 244}"
Spell,Foresight,10,"{""archetype"": [""Crafty""], ""stat"": [""CHA""], ""school"": ""Divination"", ""level"": 9, ""page"": 244}"
Spell,Freedom of Movement,10,"{""archetype"": [""Crafty""], ""stat"": [""CHA"", ""WIS""], ""school"": ""Abjuration"", ""level"": 4, ""page"": 244}"
Spell,Freedom of Movement,10,"{""archetype"": [""Smart"", ""Faithful""], ""stat"": [""WIS""], ""school"": ""Abjuration"", ""level"": 4, ""page"": 244}"
Spell,Gaseous Form,10,"{""archetype"": [""Smart"", ""Crafty""], ""stat"": [""CHA"", ""INT""], ""school"": ""Transmutation"", ""level"": 3, ""page"": 244}"
Spell,Gate,10,"{""archetype"": [""Smart""], ""stat"": [""INT"", ""CHA""], ""school"": ""Conjuration"", ""level"": 9, ""page"": 244}"
Spell,Gate,10,"{""archetype"": [""Faithful""], ""stat"": [""WIS""], ""school"": ""Conjuration"", ""level"": 9, ""page"": 244}"
Spell,Geas,10,"{""archetype"": [""Smart""], ""stat"": [""INT"", ""WIS""], ""school"": ""Enchantment"", ""level"": 5, ""page"": 244}"
Spell,Geas,10,"{""archetype"": [""Faithful""], ""stat"": [""WIS"", ""CHA""], ""school"": ""Enchantment"", ""level"": 5, ""page"": 244}"
Spell,Geas,10,"{""archetype"": [""Crafty""], ""stat"": [""CHA""], ""school"": ""Enchantment"", ""level"": 5, ""page"": 244}"
Spell,Gentle Repose,10,"{""archetype"": [""Smart""], ""stat"": [""INT""], ""school"": ""Necromancy"", ""level"": 2, ""page"": 245}"
Spell,Gentle Repose,10,"{""archetype"": [""Faithful""], ""stat"": [""WIS""], ""school"": ""Necromancy"", ""level"": 2, ""page"": 245}"
Spell,Giant Insect,10,"{""archetype"": [""Smart""], ""stat"": [""WIS""], ""school"": ""Transmutation"", ""level"": 4, ""page"": 245}"
Spell,Glibness,10,"{""archetype"": [""Crafty""], ""stat"": [""CHA""], ""school"": ""Transmutation"", ""level"": 8, ""page"": 245}"
Spell,Globe of Invulnerability,10,"{""archetype"": [""Smart""], ""stat"": [""INT"", ""CHA""], ""school"": ""Abjuration"", ""level"": 6, ""page"": 245}"
Spell,Glyph of Warding,10,"{""archetype"": [""Smart""], ""stat"": [""INT""], ""school"": ""Abjuration"", ""level"": 3, ""page"": 245}"
Spell,Glyph of Warding,10,"{""archetype"": [""Faithful""], ""stat"": [""WIS""], ""school"": ""Abjuration"", ""level"": 3, ""page"": 245}"
Spell,Glyph of Warding,10,"{""archetype"": [""Crafty""], ""stat"": [""CHA""], ""school"": ""Abjuration"", ""level"": 3, ""page"": 245}"
Spell,Goodberry,10,"{""archetype"": [""Smart"", ""Crafty""], ""stat"": [""WIS""], ""school"": ""Transmutation"", ""level"": 1, ""page"": 246}"
Spell,Grasping Vine,10,"{""archetype"": [""Crafty""], ""stat"": [""WIS""], ""school"": ""Conjuration"", ""level"": 4, ""page"": 246}"
Spell,Grease,10,"{""archetype"": [""Smart""], ""stat"": [""INT""], ""school"": ""Conjuration"", ""level"": 1, ""page"": 246}"
Spell,Greater Invisibility,10,"{""archetype"": [""Smart"", ""Crafty""], ""stat"": [""INT"", ""CHA""], ""school"": ""Illusion"", ""level"": 4, ""page"": 246}"
Spell,Greater Restoration,10,"{""archetype"": [""Smart"", ""Faithful""], ""stat"": [""WIS""], ""school"": ""Abjuration"", ""level"": 5, ""page"": 246}"
Spell,Greater Restoration,10,"{""archetype"": [""Crafty""], ""stat"": [""CHA""], ""school"": ""Abjuration"", ""level"": 5, ""page"": 246}"
Spell,Guardian of Faith,10,"{""archetype"": [""Faithful""], ""stat"": [""WIS""], ""school"": ""Conjuration"", ""level"": 4, ""page"": 246}"
Spell,Guards and Wards,10,"{""archetype"": [""Smart""], ""stat"": [""INT""], ""school"": ""Abjuration"", ""level"": 6, ""page"": 248}"
Spell,Guards and Wards,10,"{""archetype"": [""Crafty""], ""stat"": [""CHA""], ""school"": ""Abjuration"", ""level"": 6, ""page"": 248}"
Spell,Guiding Bolt,10,"{""archetype"": [""Faithful""], ""stat"": [""WIS""], ""school"": ""Evocation"", ""level"": 1, ""page"": 248}"
Spell,Gust of Wind,10,"{""archetype"": [""Smart""], ""stat"": [""INT"", ""CHA"", ""WIS""], ""school"": ""Evocation"", ""level"": 2, ""page"": 248}"
Spell,Hail of Thorns,10,"{""archetype"": [""Crafty""], ""stat"": [""WIS""], ""school"": ""Conjuration"", ""level"": 1, ""page"": 249}"
Spell,Hallow,10,"{""archetype"": [""Faithful""], ""stat"": [""WIS""], ""school"": ""Evocation"", ""level"": 5, ""page"": 249}"
Spell,Hallucinatory Terrain,10,"{""archetype"": [""Smart""], ""stat"": [""WIS"", ""INT""], ""school"": ""Illusion"", ""level"": 4, ""page"": 249}"
Spell,Hallucinatory Terrain,10,"{""archetype"": [""Crafty""], ""stat"": [""CHA""], ""school"": ""Illusion"", ""level"": 4, ""page"": 249}"
Spell,Harm,10,"{""archetype"": [""Faithful""], ""stat"": [""WIS""], ""school"": ""Necromancy"", ""level"": 6, ""page"": 249}"
Spell,Haste,10,"{""archetype"": [""Smart""], ""stat"": [""INT"", ""CHA""], ""school"": ""Transmutation"", ""level"": 3, ""page"": 250}"
Spell,Heal,10,"{""archetype"": [""Smart"", ""Faithful""], ""stat"": [""WIS""], ""school"": ""Evocation"", ""level"": 6, ""page"": 250}"
Spell,Healing Word,10,"{""archetype"": [""Smart"", ""Faithful""], ""stat"": [""WIS""], ""school"": ""Evocation"", ""level"": 1, ""page"": 250}"
Spell,Healing Word,10,"{""archetype"": [""Crafty""], ""stat"": [""CHA""], ""school"": ""Evocation"", ""level"": 1, ""page"": 250}"
Spell,Heat Metal,10,"{""archetype"": [""Smart""], ""stat"": [""WIS""], ""school"": ""Transmutation"", ""level"": 2, ""page"": 250}"
Spell,Heat Metal,10,"{""archetype"": [""Crafty""], ""stat"": [""CHA""], ""school"": ""Transmutation"", ""level"": 2, ""page"": 250}"
Spell,Hellish Rebuke,10,"{""archetype"": [""Crafty""], ""stat"": [""CHA""], ""school"": ""Transmutation"", ""level"": 2, ""page"": 250}"
Spell,"Heroes' Feast",10,"{""archetype"": [""Smart"", ""Faithful""], ""stat"": [""WIS""], ""school"": ""Conjuration"", ""level"": 6, ""page"": 250}"
Spell,Heroism,10,"{""archetype"": [""Crafty"", ""Faithful""], ""stat"": [""CHA""], ""school"": ""Enchantment"", ""level"": 1, ""page"": 250}"
Spell,Hex,10,"{""archetype"": [""Crafty""], ""stat"": [""CHA""], ""school"": ""Enchantment"", ""level"": 1, ""page"": 251}"
Spell,Hideous Laughter,10,"{""archetype"": [""Smart""], ""stat"": [""INT""], ""school"": ""Enchantment"", ""level"": 1, ""page"": 251}"
Spell,Hideous Laughter,10,"{""archetype"": [""Crafty""], ""stat"": [""CHA""], ""school"": ""Enchantment"", ""level"": 1, ""page"": 251}"
Spell,Hold Monster,10,"{""archetype"": [""Smart"", ""Crafty""], ""stat"": [""INT"", ""CHA""], ""school"": ""Enchantment"", ""level"": 5, ""page"": 251}"
Spell,Hold Person,10,"{""archetype"": [""Smart"", ""Crafty""], ""stat"": [""INT"", ""CHA""], ""school"": ""Enchantment"", ""level"": 2, ""page"": 251}"
Spell,Hold Person,10,"{""archetype"": [""Smart"", ""Faithful""], ""stat"": [""WIS""], ""school"": ""Enchantment"", ""level"": 2, ""page"": 251}"
Spell,Holy Aura,10,"{""archetype"": [""Faithful""], ""stat"": [""WIS""], ""school"": ""Abjuration"", ""level"": 8, ""page"": 251}"
Spell,Hunger of Hadar,10,"{""archetype"": [""Crafty""], ""stat"": [""CHA""], ""school"": ""Conjuration"", ""level"": 3, ""page"": 251}"
Spell,"Hunter's Mark",10,"{""archetype"": [""Crafty""], ""stat"": [""WIS""], ""school"": ""Divination"", ""level"": 1, ""page"": 251}"
Spell,Hypnotic Pattern,10,"{""archetype"": [""Smart"", ""Crafty""], ""stat"": [""INT"", ""CHA""], ""school"": ""Illusion"", ""level"": 3, ""page"": 252}"
Spell,Ice Storm,10,"{""archetype"": [""Smart""], ""stat"": [""WIS"", ""INT"", ""CHA""], ""school"": ""Evocation"", ""level"": 4, ""page"": 252}"
Spell,Identify,10,"{""archetype"": [""Smart""], ""stat"": [""INT""], ""school"": ""Divination"", ""level"": 1, ""page"": 252}"
Spell,Identify,10,"{""archetype"": [""Crafty""], ""stat"": [""CHA""], ""school"": ""Divination"", ""level"": 1, ""page"": 252}"
Spell,Illusory Script,10,"{""archetype"": [""Smart""], ""stat"": [""INT""], ""school"": ""Illusion"", ""level"": 1, ""page"": 252}"
Spell,Illusory Script,10,"{""archetype"": [""Crafty""], ""stat"": [""CHA""], ""school"": ""Illusion"", ""level"": 1, ""page"": 252}"
Spell,Imprisonment,10,"{""archetype"": [""Smart""], ""stat"": [""INT""], ""school"": ""Abjuration"", ""level"": 9, ""page"": 252}"
Spell,Imprisonment,10,"{""archetype"": [""Crafty""], ""stat"": [""CHA""], ""school"": ""Abjuration"", ""level"": 9, ""page"": 252}"
Spell,Incendiary Cloud,10,"{""archetype"": [""Smart""], ""stat"": [""INT"", ""CHA""], ""school"": ""Conjuration"", ""level"": 9, ""page"": 253}"
Spell,Inflict Wounds,10,"{""archetype"": [""Faithful""], ""stat"": [""WIS""], ""school"": ""Necromancy"", ""level"": 1, ""page"": 253}"
Spell,Insect Plague,10,"{""archetype"": [""Smart"", ""Faithful""], ""stat"": [""WIS""], ""school"": ""Conjuration"", ""level"": 5, ""page"": 254}"
Spell,Insect Plague,10,"{""archetype"": [""Smart""], ""stat"": [""CHA""], ""school"": ""Conjuration"", ""level"": 5, ""page"": 254}"
Spell,Invisibility,10,"{""archetype"": [""Smart"", ""Crafty""], ""stat"": [""INT"", ""CHA""], ""school"": ""Illusion"", ""level"": 2, ""page"": 254}"
Spell,Jump,10,"{""archetype"": [""Smart""], ""stat"": [""WIS"", ""INT"", ""CHA""], ""school"": ""Transmutation"", ""level"": 1, ""page"": 254}"
Spell,Jump,10,"{""archetype"": [""Crafty""], ""stat"": [""WIS""], ""school"": ""Transmutation"", ""level"": 1, ""page"": 254}"
Spell,Knock,10,"{""archetype"": [""Smart"", ""Crafty""], ""stat"": [""INT"", ""CHA""], ""school"": ""Transmutation"", ""level"": 2, ""page"": 254}"
Spell,Legend Lore,10,"{""archetype"": [""Smart""], ""stat"": [""INT""], ""school"": ""Divination"", ""level"": 5, ""page"": 254}"
Spell,Legend Lore,10,"{""archetype"": [""Faithful""], ""stat"": [""WIS""], ""school"": ""Divination"", ""level"": 5, ""page"": 254}"
Spell,Legend Lore,10,"{""archetype"": [""Crafty""], ""stat"": [""CHA""], ""school"": ""Divination"", ""level"": 5, ""page"": 254}"
Spell,"Leomund's Secret Chest",10,"{""archetype"": [""Smart""], ""stat"": [""INT""], ""school"": ""Conjuration"", ""level"": 4, ""page"": 254}"
Spell,"Leomund's Tiny Hut",10,"{""archetype"": [""Smart""], ""stat"": [""INT""], ""school"": ""Evocation"", ""level"": 3, ""page"": 255}"
Spell,Lesser Restoration,10,"{""archetype"": [""Crafty"", ""Faithful""], ""stat"": [""WIS"", ""CHA""], ""school"": ""Abjuration"", ""level"": 2, ""page"": 255}"
Spell,Lesser Restoration,10,"{""archetype"": [""Smart""], ""stat"": [""WIS""], ""school"": ""Abjuration"", ""level"": 2, ""page"": 255}"
Spell,Levitate,10,"{""archetype"": [""Smart""], ""stat"": [""INT"", ""CHA""], ""school"": ""Transmutation"", ""level"": 2, ""page"": 255}"
Spell,Lightning Arrow,10,"{""archetype"": [""Crafty""], ""stat"": [""WIS""], ""school"": ""Transmutation"", ""level"": 3, ""page"": 255}"
Spell,Lightning Bolt,10,"{""archetype"": [""Smart""], ""stat"": [""INT"", ""CHA""], ""school"": ""Evocation"", ""level"": 3, ""page"": 255}"
Spell,Locate Animal or Plants,10,"{""archetype"": [""Smart"", ""Crafty""], ""stat"": [""WIS"", ""CHA""], ""school"": ""Divination"", ""level"": 2, ""page"": 256}"
Spell,Locate Creature,10,"{""archetype"": [""Smart""], ""stat"": [""INT""], ""school"": ""Divination"", ""level"": 4, ""page"": 256}"
Spell,Locate Creature,10,"{""archetype"": [""Crafty"", ""Faithful""], ""stat"": [""CHA"", ""WIS""], ""school"": ""Divination"", ""level"": 4, ""page"": 256}"
Spell,Locate Creature,10,"{""archetype"": [""Smart"", ""Faithful""], ""stat"": [""WIS""], ""school"": ""Divination"", ""level"": 4, ""page"": 256}"
Spell,Locate Object,10,"{""archetype"": [""Smart""], ""stat"": [""INT""], ""school"": ""Divination"", ""level"": 2, ""page"": 256}"
Spell,Locate Object,10,"{""archetype"": [""Crafty""], ""stat"": [""CHA"", ""WIS""], ""school"": ""Divination"", ""level"": 2, ""page"": 256}"
Spell,Locate Object,10,"{""archetype"": [""Smart"", ""Faithful""], ""stat"": [""WIS""], ""school"": ""Divination"", ""level"": 2, ""page"": 256}"
Spell,Longstrider,10,"{""archetype"": [""Smart"", ""Crafty""], ""stat"": [""INT"", ""WIS""], ""school"": ""Transmutation"", ""level"": 1, ""page"": 256}"
Spell,Longstrider,10,"{""archetype"": [""Faithful"", ""Crafty""], ""stat"": [""CHA""], ""school"": ""Transmutation"", ""level"": 1, ""page"": 256}"
Spell,Mage Armor,10,"{""archetype"": [""Smart""], ""stat"": [""INT"", ""CHA""], ""school"": ""Abjuration"", ""level"": 1, ""page"": 256}"
Spell,Magic Circle,10,"{""archetype"": [""Smart""], ""stat"": [""INT""], ""school"": ""Abjuration"", ""level"": 3, ""page"": 256}"
Spell,Magic Circle,10,"{""archetype"": [""Faithful""], ""stat"": [""WIS"", ""CHA""], ""school"": ""Abjuration"", ""level"": 3, ""page"": 256}"
Spell,Magic Circle,10,"{""archetype"": [""Crafty""], ""stat"": [""CHA""], ""school"": ""Abjuration"", ""level"": 3, ""page"": 256}"
Spell,Magic Jar,10,"{""archetype"": [""Smart""], ""stat"": [""INT""], ""school"": ""Necromancy"", ""level"": 6, ""page"": 257}"
Spell,Magic Missile,10,"{""archetype"": [""Smart""], ""stat"": [""INT"", ""CHA""], ""school"": ""Evocation"", ""level"": 1, ""page"": 257}"
Spell,Magic Mouth,10,"{""archetype"": [""Smart""], ""stat"": [""INT""], ""school"": ""Illusion"", ""level"": 2, ""page"": 257}"
Spell,Magic Mouth,10,"{""archetype"": [""Crafty""], ""stat"": [""CHA""], ""school"": ""Illusion"", ""level"": 2, ""page"": 257}"
Spell,Magic Weapon,10,"{""archetype"": [""Smart""], ""stat"": [""INT""], ""school"": ""Transmutation"", ""level"": 2, ""page"": 257}"
Spell,Magic Weapon,10,"{""archetype"": [""Faithful""], ""stat"": [""CHA""], ""school"": ""Transmutation"", ""level"": 2, ""page"": 257}"
Spell,Major Image,10,"{""archetype"": [""Smart"", ""Crafty""], ""stat"": [""INT"", ""CHA""], ""school"": ""Illusion"", ""level"": 3, ""page"": 258}"
Spell,Mass Cure Wounds,10,"{""archetype"": [""Faithful"", ""Smart""], ""stat"": [""WIS""], ""school"": ""Evocation"", ""level"": 5, ""page"": 258}"
Spell,Mass Cure Wounds,10,"{""archetype"": [""Crafty""], ""stat"": [""CHA""], ""school"": ""Evocation"", ""level"": 5, ""page"": 258}"
Spell,Mass Heal,10,"{""archetype"": [""Faithful""], ""stat"": [""WIS""], ""school"": ""Evocation"", ""level"": 9, ""page"": 258}"
Spell,Mass Healing Word,10,"{""archetype"": [""Faithful""], ""stat"": [""WIS""], ""school"": ""Evocation"", ""level"": 3, ""page"": 258}"
Spell,Mass Suggestion,10,"{""archetype"": [""Smart"", ""Crafty""], ""stat"": [""INT"", ""CHA""], ""school"": ""Enchantment"", ""level"": 6, ""page"": 258}"
Spell,Maze,10,"{""archetype"": [""Smart""], ""stat"": [""INT""], ""school"": ""Conjuration"", ""level"": 8, ""page"": 258}"
Spell,Meld into Stone,10,"{""archetype"": [""Smart"", ""Faithful""], ""stat"": [""WIS""], ""school"": ""Transmutation"", ""level"": 3, ""page"": 259}"
Spell,"Melf's Acid Arrow",10,"{""archetype"": [""Smart""], ""stat"": [""INT""], ""school"": ""Evocation"", ""level"": 2, ""page"": 259}"
Spell,Meteor Storm,10,"{""archetype"": [""Smart""], ""stat"": [""INT"", ""CHA""], ""school"": ""Evocation"", ""level"": 9, ""page"": 259}"
Spell,Mind Blank,10,"{""archetype"": [""Smart""], ""stat"": [""INT""], ""school"": ""Abjuration"", ""level"": 8, ""page"": 259}"
Spell,Mind Blank,10,"{""archetype"": [""Crafty""], ""stat"": [""CHA""], ""school"": ""Abjuration"", ""level"": 8, ""page"": 259}"
Spell,Mirage Arcane,10,"{""archetype"": [""Smart""], ""stat"": [""INT"", ""WIS""], ""school"": ""Illusion"", ""level"": 7, ""page"": 260}"
Spell,Mirage Arcane,10,"{""archetype"": [""Crafty""], ""stat"": [""CHA""], ""school"": ""Illusion"", ""level"": 7, ""page"": 260}"
Spell,Mirror Image,10,"{""archetype"": [""Smart"", ""Crafty""], ""stat"": [""INT"", ""CHA""], ""school"": ""Illusion"", ""level"": 2, ""page"": 260}"
Spell,Mislead,10,"{""archetype"": [""Smart""], ""stat"": [""INT""], ""school"": ""Illusion"", ""level"": 5, ""page"": 260}"
Spell,Mislead,10,"{""archetype"": [""Crafty""], ""stat"": [""CHA""], ""school"": ""Illusion"", ""level"": 5, ""page"": 260}"
Spell,Misty Step,10,"{""archetype"": [""Smart"", ""Crafty""], ""stat"": [""INT"", ""CHA""], ""school"": ""Conjuration"", ""level"": 2, ""page"": 260}"
Spell,Modify Memory,10,"{""archetype"": [""Smart""], ""stat"": [""INT""], ""school"": ""Enchantment"", ""level"": 5, ""page"": 261}"
Spell,Modify Memory,10,"{""archetype"": [""Crafty""], ""stat"": [""CHA""], ""school"": ""Enchantment"", ""level"": 5, ""page"": 261}"
Spell,Moonbeam,10,"{""archetype"": [""Smart""], ""stat"": [""WIS""], ""school"": ""Evocation"", ""level"": 2, ""page"": 261}"
Spell,"Mordenkainen's Faithful Hound",10,"{""archetype"": [""Smart""], ""stat"": [""INT""], ""school"": ""Conjuration"", ""level"": 4, ""page"": 261}"
Spell,"Mordenkainen's Magnificent Mansion",10,"{""archetype"": [""Smart""], ""stat"": [""INT""], ""school"": ""Conjuration"", ""level"": 7, ""page"": 261}"
Spell,"Mordenkainen's Private Sanctum",10,"{""archetype"": [""Smart""], ""stat"": [""INT""], ""school"": ""Conjuration"", ""level"": 4, ""page"": 262}"
Spell,"Mordenkainen's Sword",10,"{""archetype"": [""Smart""], ""stat"": [""INT""], ""school"": ""evocation"", ""level"": 7, ""page"": 262}"
Spell,Move Earth,10,"{""archetype"": [""Smart""], ""stat"": [""INT"", ""WIS"", ""CHA""], ""school"": ""Transmutation"", ""level"": 6, ""page"": 263}"
Spell,Nondetection,10,"{""archetype"": [""Smart""], ""stat"": [""INT""], ""school"": ""Abjuration"", ""level"": 3, ""page"": 263}"
Spell,Nondetection,10,"{""archetype"": [""Crafty""], ""stat"": [""CHA"", ""WIS""], ""school"": ""Abjuration"", ""level"": 3, ""page"": 263}"
Spell,"Nystul's Magic Aura",10,"{""archetype"": [""Smart""], ""stat"": [""INT""], ""school"": ""Illusion"", ""level"": 2, ""page"": 263}"
Spell,"Otiluke's Freezing Sphere",10,"{""archetype"": [""Smart""], ""stat"": [""INT""], ""school"": ""Evocation"", ""level"": 4, ""page"": 263}"
Spell,"Otiluke's Resilient Sphere",10,"{""archetype"": [""Smart""], ""stat"": [""INT""], ""school"": ""Evocation"", ""level"": 6, ""page"": 264}"
Spell,"Otto's Irresistible Dance",10,"{""archetype"": [""Smart""], ""stat"": [""INT""], ""school"": ""Enchantment"", ""level"": 6, ""page"": 264}"
Spell,Pass without Trace,10,"{""archetype"": [""Smart"", ""Crafty""], ""stat"": [""WIS""], ""school"": ""Abjuration"", ""level"": 2, ""page"": 264}"
Spell,Passwall,10,"{""archetype"": [""Smart""], ""stat"": [""INT""], ""school"": ""Transmutation"", ""level"": 5, ""page"": 264}"
Spell,Phantasmal Force,10,"{""archetype"": [""Smart""], ""stat"": [""INT"", ""CHA""], ""school"": ""Illusion"", ""level"": 2, ""page"": 264}"
Spell,Phantasmal Killer,10,"{""archetype"": [""Smart""], ""stat"": [""INT""], ""school"": ""Illusion"", ""level"": 4, ""page"": 265}"
Spell,Phantom Steed,10,"{""archetype"": [""Smart""], ""stat"": [""INT""], ""school"": ""Illusion"", ""level"": 3, ""page"": 265}"
Spell,Planar Ally,10,"{""archetype"": [""Faithful""], ""stat"": [""WIS""], ""school"": ""Conjuration"", ""level"": 6, ""page"": 265}"
Spell,Planar Binding,10,"{""archetype"": [""Smart"", ""Faithful""], ""stat"": [""INT"", ""WIS""], ""school"": ""Abjuration"", ""level"": 5, ""page"": 265}"
Spell,Planar Binding,10,"{""archetype"": [""Crafty""], ""stat"": [""CHA""], ""school"": ""Abjuration"", ""level"": 5, ""page"": 265}"
Spell,Plane Shift,10,"{""archetype"": [""Smart""], ""stat"": [""INT"", ""WIS"", ""CHA""], ""school"": ""Conjuration"", ""level"": 7, ""page"": 266}"
Spell,Plane Shift,10,"{""archetype"": [""Crafty""], ""stat"": [""CHA""], ""school"": ""Conjuration"", ""level"": 7, ""page"": 266}"
Spell,Plane Shift,10,"{""archetype"": [""Faithful""], ""stat"": [""WIS""], ""school"": ""Conjuration"", ""level"": 7, ""page"": 266}"
Spell,Plant Growth,10,"{""archetype"": [""Smart""], ""stat"": [""WIS""], ""school"": ""Transmutation"", ""level"": 3, ""page"": 266}"
Spell,Plant Growth,10,"{""archetype"": [""Crafty""], ""stat"": [""WIS"", ""CHA""], ""school"": ""Transmutation"", ""level"": 3, ""page"": 266}"
Spell,Polymorph,10,"{""archetype"": [""Smart""], ""stat"": [""INT"", ""WIS"", ""CHA""], ""school"": ""Transmutation"", ""level"": 4, ""page"": 266}"
Spell,Polymorph,10,"{""archetype"": [""Crafty""], ""stat"": [""CHA""], ""school"": ""Transmutation"", ""level"": 4, ""page"": 266}"
Spell,Power Word Heal,10,"{""archetype"": [""Crafty""], ""stat"": [""CHA""], ""school"": ""Evocation"", ""level"": 9, ""page"": 266}"
Spell,Power Word Kill,10,"{""archetype"": [""Smart"", ""Crafty""], ""stat"": [""INT"", ""CHA""], ""school"": ""Enchantment"", ""level"": 9, ""page"": 266}"
Spell,Power Word Stun,10,"{""archetype"": [""Smart"", ""Crafty""], ""stat"": [""INT"", ""CHA""], ""school"": ""Enchantment"", ""level"": 8, ""page"": 267}"
Spell,Prayer of Healing,10,"{""archetype"": [""Faithful""], ""stat"": [""WIS""], ""school"": ""Evocation"", ""level"": 2, ""page"": 267}"
Spell,Prismatic Spray,10,"{""archetype"": [""Smart""], ""stat"": [""INT"", ""CHA""], ""school"": ""Evocation"", ""level"": 7, ""page"": 267}"
Spell,Prismatic Wall,10,"{""archetype"": [""Smart""], ""stat"": [""INT""], ""school"": ""Abjuration"", ""level"": 9, ""page"": 267}"
Spell,Programmed Illusion,10,"{""archetype"": [""Smart""], ""stat"": [""INT""], ""school"": ""Illusion"", ""level"": 6, ""page"": 269}"
Spell,Programmed Illusion,10,"{""archetype"": [""Crafty""], ""stat"": [""CHA""], ""school"": ""Illusion"", ""level"": 6, ""page"": 269}"
Spell,Project Image,10,"{""archetype"": [""Smart""], ""stat"": [""INT""], ""school"": ""Illusion"", ""level"": 7, ""page"": 270}"
Spell,Project Image,10,"{""archetype"": [""Crafty""], ""stat"": [""CHA""], ""school"": ""Illusion"", ""level"": 7, ""page"": 270}"
Spell,Protection from Energy,10,"{""archetype"": [""Smart""], ""stat"": [""INT"", ""WIS"", ""CHA""], ""school"": ""Abjuration"", ""level"": 3, ""page"": 270}"
Spell,Protection from Energy,10,"{""archetype"": [""Faithful"", ""Crafty""], ""stat"": [""WIS""], ""school"": ""Abjuration"", ""level"": 3, ""page"": 270}"
Spell,Protection from Evil and Good,10,"{""archetype"": [""Smart""], ""stat"": [""INT""], ""school"": ""Abjuration"", ""level"": 1, ""page"": 270}"
Spell,Protection from Evil and Good,10,"{""archetype"": [""Faithful""], ""stat"": [""WIS"", ""CHA""], ""school"": ""Abjuration"", ""level"": 1, ""page"": 270}"
Spell,Protection from Evil and Good,10,"{""archetype"": [""Crafty""], ""stat"": [""CHA""], ""school"": ""Abjuration"", ""level"": 1, ""page"": 270}"
Spell,Protection from Poison,10,"{""archetype"": [""Smart"", ""Faithful"", ""Crafty""], ""stat"": [""WIS""], ""school"": ""Abjuration"", ""level"": 2, ""page"": 270}"
Spell,Protection from Poison,10,"{""archetype"": [""Faithful""], ""stat"": [""CHA""], ""school"": ""Abjuration"", ""level"": 2, ""page"": 270}"
Spell,Purify Food and Drink,10,"{""archetype"": [""Faithful""], ""stat"": [""CHA""], ""school"": ""Transmutation"", ""level"": 1, ""page"": 270}"
Spell,Purify Food and Drink,10,"{""archetype"": [""Faithful"", ""Smart""], ""stat"": [""WIS""], ""school"": ""Transmutation"", ""level"": 1, ""page"": 270}"
Spell,Raise Dead,10,"{""archetype"": [""Faithful"", ""Crafty""], ""stat"": [""CHA""], ""school"": ""Necromancy"", ""level"": 5, ""page"": 270}"
Spell,Raise Dead,10,"{""archetype"": [""Faithful""], ""stat"": [""WIS""], ""school"": ""Necromancy"", ""level"": 5, ""page"": 270}"
Spell,"Rary's Telepathic Bond",10,"{""archetype"": [""Smart""], ""stat"": [""INT""], ""school"": ""Divination"", ""level"": 5, ""page"": 270}"
Spell,Ray of Enfeeblement,10,"{""archetype"": [""Crafty""], ""stat"": [""CHA""], ""school"": ""Necromancy"", ""level"": 2, ""page"": 271}"
Spell,Ray of Enfeeblement,10,"{""archetype"": [""Smart""], ""stat"": [""INT""], ""school"": ""Necromancy"", ""level"": 2, ""page"": 271}"
Spell,Ray of Sickness,10,"{""archetype"": [""Crafty""], ""stat"": [""CHA""], ""school"": ""Necromancy"", ""level"": 1, ""page"": 271}"
Spell,Ray of Sickness,10,"{""archetype"": [""Smart""], ""stat"": [""INT""], ""school"": ""Necromancy"", ""level"": 1, ""page"": 271}"
Spell,Regenerate,10,"{""archetype"": [""Faithful"", ""Smart""], ""stat"": [""WIS""], ""school"": ""Transmutation"", ""level"": 7, ""page"": 271}"
Spell,Regenerate,10,"{""archetype"": [""Crafty""], ""stat"": [""CHA""], ""school"": ""Transmutation"", ""level"": 7, ""page"": 271}"
Spell,Reincarnate,10,"{""archetype"": [""Smart""], ""stat"": [""WIS""], ""school"": ""Transmutation"", ""level"": 5, ""page"": 271}"
Spell,Remove Curse,10,"{""archetype"": [""Faithful"", ""Crafty""], ""stat"": [""CHA""], ""school"": ""Abjuration"", ""level"": 3, ""page"": 271}"
Spell,Remove Curse,10,"{""archetype"": [""Smart""], ""stat"": [""INT""], ""school"": ""Abjuration"", ""level"": 3, ""page"": 271}"
Spell,Remove Curse,10,"{""archetype"": [""Faithful""], ""stat"": [""WIS""], ""school"": ""Abjuration"", ""level"": 3, ""page"": 271}"
Spell,Resurrection,10,"{""archetype"": [""Faithful""], ""stat"": [""WIS""], ""school"": ""Necromancy"", ""level"": 7, ""page"": 272}"
Spell,Resurrection,10,"{""archetype"": [""Bard""], ""stat"": [""CHA""], ""school"": ""Necromancy"", ""level"": 7, ""page"": 272}"
Spell,Reverse Gravity,10,"{""archetype"": [""Smart""], ""stat"": [""INT"", ""WIS"", ""CHA""], ""school"": ""Transmutation"", ""level"": 7, ""page"": 272}"
Spell,Revivify,10,"{""archetype"": [""Faithful""], ""stat"": [""WIS"", ""CHA""], ""school"": ""Necromancy"", ""level"": 3, ""page"": 272}"
Spell,Rope Trick,10,"{""archetype"": [""Smart""], ""stat"": [""INT""], ""school"": ""Transmutation"", ""level"": 2, ""page"": 272}"
Spell,Sanctuary,10,"{""archetype"": [""Faithful""], ""stat"": [""WIS""], ""school"": ""Abjuration"", ""level"": 1, ""page"": 272}"
Spell,Scorching Ray,10,"{""archetype"": [""Smart""], ""stat"": [""INT"", ""CHA""], ""school"": ""Evocation"", ""level"": 2, ""page"": 273}"
Spell,Scrying,10,"{""archetype"": [""Smart"", ""Faithful""], ""stat"": [""INT"", ""WIS""], ""school"": ""Divination"", ""level"": 5, ""page"": 273}"
Spell,Scrying,10,"{""archetype"": [""Crafty""], ""stat"": [""CHA""], ""school"": ""Divination"", ""level"": 5, ""page"": 273}"
Spell,Searing Smite,10,"{""archetype"": [""Faithful""], ""stat"": [""CHA""], ""school"": ""Evocation"", ""level"": 1, ""page"": 274}"
Spell,See Invisibility,10,"{""archetype"": [""Smart"", ""Crafty""], ""stat"": [""INT"", ""CHA""], ""school"": ""Divination"", ""level"": 2, ""page"": 274}"
Spell,Seeming,10,"{""archetype"": [""Smart"", ""Crafty""], ""stat"": [""INT"", ""CHA""], ""school"": ""Illusion"", ""level"": 5, ""page"": 274}"
Spell,Sending,10,"{""archetype"": [""Faithful""], ""stat"": [""WIS""], ""school"": ""Evocation"", ""level"": 3, ""page"": 274}"
Spell,Sending,10,"{""archetype"": [""Smart""], ""stat"": [""INT""], ""school"": ""Evocation"", ""level"": 3, ""page"": 274}"
Spell,Sending,10,"{""archetype"": [""Crafty""], ""stat"": [""CHA""], ""school"": ""Evocation"", ""level"": 3, ""page"": 274}"
Spell,Sequester,10,"{""archetype"": [""Smart""], ""stat"": [""INT""], ""school"": ""Transmutation"", ""level"": 7, ""page"": 274}"
Spell,Shapechange,10,"{""archetype"": [""Smart""], ""stat"": [""INT""], ""school"": ""Transmutation"", ""level"": 9, ""page"": 274}"
Spell,Shapechange,10,"{""archetype"": [""Crafty""], ""stat"": [""CHA""], ""school"": ""Transmutation"", ""level"": 9, ""page"": 274}"
Spell,Shatter,10,"{""archetype"": [""Smart"", ""Crafty""], ""stat"": [""INT"", ""CHA""], ""school"": ""Evocation"", ""level"": 2, ""page"": 275}"
Spell,Shield,10,"{""archetype"": [""Smart""], ""stat"": [""INT"", ""CHA""], ""school"": ""Abjuration"", ""level"": 1, ""page"": 275}"
Spell,Shield of Faith,10,"{""archetype"": [""Faithful""], ""stat"": [""WIS"", ""CHA""], ""school"": ""Abjuration"", ""level"": 1, ""page"": 275}"
Spell,Silence,10,"{""archetype"": [""Faithful""], ""stat"": [""CHA""], ""school"": ""Illusion"", ""level"": 2, ""page"": 275}"
Spell,Silence,10,"{""archetype"": [""Crafty""], ""stat"": [""WIS"", ""CHA""], ""school"": ""Illusion"", ""level"": 2, ""page"": 275}"
Spell,Silent Image,10,"{""archetype"": [""Smart"", ""Crafty""], ""stat"": [""CHA"", ""INT""], ""school"": ""Illusion"", ""level"": 1, ""page"": 276}"
Spell,Simulacrum,10,"{""archetype"": [""Smart""], ""stat"": [""INT""], ""school"": ""Illusion"", ""level"": 7, ""page"": 276}"
Spell,Sleep,10,"{""archetype"": [""Smart"", ""Crafty""], ""stat"": [""CHA"", ""INT""], ""school"": ""Enchantment"", ""level"": 1, ""page"": 276}"
Spell,Sleet Storm,10,"{""archetype"": [""Smart""], ""stat"": [""INT"", ""WIS"", ""CHA""], ""school"": ""Conjuration"", ""level"": 3, ""page"": 276}"
Spell,Slow,10,"{""archetype"": [""Smart""], ""stat"": [""CHA"", ""INT""], ""school"": ""Transmutation"", ""level"": 3, ""page"": 277}"
Spell,Speak with Animals,10,"{""archetype"": [""Crafty""], ""stat"": [""CHA"", ""WIS""], ""school"": ""Divination"", ""level"": 1, ""page"": 277}"
Spell,Speak with Animals,10,"{""archetype"": [""Smart""], ""stat"": [""WIS""], ""school"": ""Divination"", ""level"": 1, ""page"": 277}"
Spell,Speak with Dead,10,"{""archetype"": [""Faithful""], ""stat"": [""WIS""], ""school"": ""Necromancy"", ""level"": 3, ""page"": 277}"
Spell,Speak with Dead,10,"{""archetype"": [""Crafty""], ""stat"": [""CHA""], ""school"": ""Necromancy"", ""level"": 3, ""page"": 277}"
Spell,Speak with Plants,10,"{""archetype"": [""Crafty""], ""stat"": [""CHA"", ""WIS""], ""school"": ""Transmutation"", ""level"": 3, ""page"": 277}"
Spell,Speak with Plants,10,"{""archetype"": [""Smart""], ""stat"": [""WIS""], ""school"": ""Transmutation"", ""level"": 3, ""page"": 277}"
Spell,Spider Climb,10,"{""archetype"": [""Smart"", ""Crafty""], ""stat"": [""INT"", ""CHA""], ""school"": ""Transmutation"", ""level"": 2, ""page"": 277}"
Spell,Spike Growth,10,"{""archetype"": [""Smart"", ""Crafty""], ""stat"": [""WIS""], ""school"": ""Transmutation"", ""level"": 2, ""page"": 277}"
Spell,Spirit Guardians,10,"{""archetype"": [""Faithful""], ""stat"": [""WIS""], ""school"": ""Conjuration"", ""level"": 3, ""page"": 278}"
Spell,Spiritual Weapons,10,"{""archetype"": [""Faithful""], ""stat"": [""WIS""], ""school"": ""Evocation"", ""level"": 2, ""page"": 278}"
Spell,Staggering Smite,10,"{""archetype"": [""Faithful""], ""stat"": [""CHA""], ""school"": ""Evocation"", ""level"": 4, ""page"": 278}"
Spell,Stinking Cloud,10,"{""archetype"": [""Smart"", ""Crafty""], ""stat"": [""CHA"", ""INT""], ""school"": ""Conjuration"", ""level"": 3, ""page"": 278}"
Spell,Stone Shape,10,"{""archetype"": [""Smart"", ""Faithful""], ""stat"": [""INT"", ""WIS""], ""school"": ""Transmutation"", ""level"": 2, ""page"": 278}"
Spell,Stoneskin,10,"{""archetype"": [""Smart""], ""stat"": [""CHA"", ""INT""], ""school"": ""Abjuration"", ""level"": 4, ""page"": 278}"
Spell,Stoneskin,10,"{""archetype"": [""Smart"", ""Crafty""], ""stat"": [""WIS""], ""school"": ""Abjuration"", ""level"": 4, ""page"": 278}"
Spell,Storm of Vengeance,10,"{""archetype"": [""Smart""], ""stat"": [""WIS""], ""school"": ""Conjuration"", ""level"": 9, ""page"": 279}"
Spell,Suggestion,10,"{""archetype"": [""Smart"", ""Crafty""], ""stat"": [""CHA"", ""INT""], ""school"": ""Enchantment"", ""level"": 2, ""page"": 279}"
Spell,Sunbeam,10,"{""archetype"": [""Smart""], ""stat"": [""CHA"", ""INT"", ""CHA""], ""school"": ""Evocation"", ""level"": 6, ""page"": 279}"
Spell,Sunburst,10,"{""archetype"": [""Smart""], ""stat"": [""CHA"", ""INT"", ""WIS""], ""school"": ""Evocation"", ""level"": 8, ""page"": 279}"
Spell,Swift Quiver,10,"{""archetype"": [""Crafty""], ""stat"": [""WIS""], ""school"": ""Transmutation"", ""level"": 5, ""page"": 279}"
Spell,Symbol,10,"{""archetype"": [""Faithful""], ""stat"": [""WIS""], ""school"": ""Abjuration"", ""level"": 7, ""page"": 280}"
Spell,Symbol,10,"{""archetype"": [""Smart""], ""stat"": [""INT""], ""school"": ""Abjuration"", ""level"": 7, ""page"": 280}"
Spell,Symbol,10,"{""archetype"": [""Crafty""], ""stat"": [""CHA""], ""school"": ""Abjuration"", ""level"": 7, ""page"": 280}"
Spell,"Tasha's Hideous Laughter",10,"{""archetype"": [""Smart""], ""stat"": [""INT""], ""school"": ""Enchantment"", ""level"": 1, ""page"": 280}"
Spell,"Tasha's Hideous Laughter",10,"{""archetype"": [""Crafty""], ""stat"": [""CHA""], ""school"": ""Enchantment"", ""level"": 1, ""page"": 280}"
Spell,Telekinesis,10,"{""archetype"": [""Smart""], ""stat"": [""CHA"", ""INT""], ""school"": ""Transmutation"", ""level"": 5, ""page"": 280}"
Spell,Telepathy,10,"{""archetype"": [""Smart""], ""stat"": [""INT""], ""school"": ""Evocation"", ""level"": 8, ""page"": 281}"
Spell,Teleport,10,"{""archetype"": [""Smart"", ""Crafty""], ""stat"": [""CHA"", ""INT""], ""school"": ""Conjuration"", ""level"": 7, ""page"": 281}"
Spell,Teleportation Circle,10,"{""archetype"": [""Smart"", ""Crafty""], ""stat"": [""INT"", ""CHA""], ""school"": ""Conjuration"", ""level"": 5, ""page"": 281}"
Spell,"Tenser's Floating Disk",10,"{""archetype"": [""Smart""], ""stat"": [""INT""], ""school"": ""Conjuration"", ""level"": 1, ""page"": 282}"
Spell,Thunderous Smite, 10,"{""archetype"": [""Faithful""], ""stat"": [""CHA""], ""school"": ""Evocation"", ""level"": 1, ""page"": 282}"
Spell,Thunderwave,10,"{""archetype"": [""Smart""], ""stat"": [""CHA"", ""INT"", ""WIS""], ""school"": ""Evocation"", ""level"": 1, ""page"": 282}"
Spell,Thunderwave,10,"{""archetype"": [""Crafty""], ""stat"": [""CHA""], ""school"": ""Evocation"", ""level"": 1, ""page"": 282}"
Spell,Time Stop,10,"{""archetype"": [""Smart""], ""stat"": [""CHA"", ""INT""], ""school"": ""Transmutation"", ""level"": 9, ""page"": 283}"
Spell,Tongues,10,"{""archetype"": [""Smart""], ""stat"": [""CHA"", ""INT"", ""WIS""], ""school"": ""Divination"", ""level"": 3, ""page"": 283}"
Spell,Tongues,10,"{""archetype"": [""Faithful""], ""stat"": [""WIS""], ""school"": ""Divination"", ""level"": 3, ""page"": 283}"
Spell,Tongues,10,"{""archetype"": [""Crafty""], ""stat"": [""CHA""], ""school"": ""Divination"", ""level"": 3, ""page"": 283}"
Spell,Transport via Plants,10,"{""archetype"": [""Smart""], ""stat"": [""WIS""], ""school"": ""Conjuration"", ""level"": 6, ""page"": 283}"
Spell,Tree Stride,10,"{""archetype"": [""Smart"", ""Crafty""], ""stat"": [""WIS""], ""school"": ""Conjuration"", ""level"": 5, ""page"": 283}"
Spell,True Polymorph,10,"{""archetype"": [""Smart"", ""Crafty""], ""stat"": [""CHA"", ""INT""], ""school"": ""Transmutation"", ""level"": 9, ""page"": 283}"
Spell,True Resurrection,10,"{""archetype"": [""Faithful"", ""Smart""], ""stat"": [""WIS""], ""school"": ""Necromancy"", ""level"": 9, ""page"": 284}"
Spell,True Seeing,10,"{""archetype"": [""Smart"", ""Crafty""], ""stat"": [""CHA"", ""INT""], ""school"": ""Divination"", ""level"": 6, ""page"": 284}"
Spell,True Seeing,10,"{""archetype"": [""Faithful""], ""stat"": [""WIS""], ""school"": ""Divination"", ""level"": 6, ""page"": 284}"
Spell,Tsunami,10,"{""archetype"": [""Smart""], ""stat"": [""WIS""], ""school"": ""Conjuration"", ""level"": 8, ""page"": 284}"
Spell,Unseen Servant,10,"{""archetype"": [""Crafty""], ""stat"": [""CHA""], ""school"": ""Conjuration"", ""level"": 1, ""page"": 284}"
Spell,Unseen Servant,10,"{""archetype"": [""Smart""], ""stat"": [""INT""], ""school"": ""Conjuration"", ""level"": 1, ""page"": 284}"
Spell,Vampiric Touch,10,"{""archetype"": [""Crafty""], ""stat"": [""CHA""], ""school"": ""Necromancy"", ""level"": 3, ""page"": 285}"
Spell,Vampiric Touch,10,"{""archetype"": [""Smart""], ""stat"": [""INT""], ""school"": ""Necromancy"", ""level"": 3, ""page"": 285}"
Spell,Wall of Fire,10,"{""archetype"": [""Smart""], ""stat"": [""CHA"", ""INT"", ""WIS""], ""school"": ""Evocation"", ""level"": 4, ""page"": 285}"
Spell,Wall of Force,10,"{""archetype"": [""Smart""], ""stat"": [""INT""], ""school"": ""Evocation"", ""level"": 5, ""page"": 285}"
Spell,Wall of Ice,10,"{""archetype"": [""Smart""], ""stat"": [""INT""], ""school"": ""Evocation"", ""level"": 6, ""page"": 285}"
Spell,Wall of Stone,10,"{""archetype"": [""Smart""], ""stat"": [""CHA"", ""INT"", ""WIS""], ""school"": ""Evocation"", ""level"": 5, ""page"": 287}"
Spell,Wall of Thorns,10,"{""archetype"": [""Smart""], ""stat"": [""WIS""], ""school"": ""Conjuration"", ""level"": 6, ""page"": 287}"
Spell,Warding Bond,10,"{""archetype"": [""Faithful""], ""stat"": [""WIS""], ""school"": ""Abjuration"", ""level"": 2, ""page"": 287}"
Spell,Water Breathing,10,"{""archetype"": [""Smart""], ""stat"": [""CHA"", ""INT"", ""WIS""], ""school"": ""Transmutation"", ""level"": 3, ""page"": 287}"
Spell,Water Breathing,10,"{""archetype"": [""Crafty""], ""stat"": [""CHA""], ""school"": ""Transmutation"", ""level"": 3, ""page"": 287}"
Spell,Water Walk,10,"{""archetype"": [""Faithful"", ""Crafty"", ""Smart""], ""stat"": [""WIS""], ""school"": ""Transmutation"", ""level"": 3, ""page"": 287}"
Spell,Water Walk,10,"{""archetype"": [""Smart""], ""stat"": [""CHA""], ""school"": ""Transmutation"", ""level"": 3, ""page"": 287}"
Spell,Web,10,"{""archetype"": [""Smart""], ""stat"": [""CHA"", ""INT""], ""school"": ""Conjuration"", ""level"": 2, ""page"": 287}"
Spell,Weird,10,"{""archetype"": [""Smart""], ""stat"": [""INT""], ""school"": ""Illusion"", ""level"": 9, ""page"": 288}"
Spell,Wind Walk,10,"{""archetype"": [""Smart""], ""stat"": [""WIS""], ""school"": ""Transmutation"", ""level"": 6, ""page"": 288}"
Spell,Wind Wall,10,"{""archetype"": [""Smart"", ""Crafty""], ""stat"": [""WIS""], ""school"": ""Evocation"", ""level"": 3, ""page"": 288}"
Spell,Wish,10,"{""archetype"": [""Smart""], ""stat"": [""CHA"", ""INT""], ""school"": ""Conjuration"", ""level"": 9, ""page"": 288}"
Spell,Witch Bolt,10,"{""archetype"": [""Smart"", ""Crafty""], ""stat"": [""CHA"", ""INT""], ""school"": ""Evocation"", ""level"": 1, ""page"": 289}"
Spell,Word of Recall,10,"{""archetype"": [""Faithful""], ""stat"": [""WIS""], ""school"": ""Conjuration"", ""level"": 6, ""page"": 289}"
Spell,Wrathful Smite,10,"{""archetype"": [""Faithful""], ""stat"": [""CHA""], ""school"": ""Abjuration"", ""level"": 2, ""page"": 289}"
Spell,Zone of Truth,10,"{""archetype"": [""Faithful""], ""stat"": [""CHA"", ""WIS""], ""school"": ""Enchantment"", ""level"": 2, ""page"": 289}"
Spell,Zone of Truth,10,"{""archetype"": [""Crafty""], ""stat"": [""CHA""], ""school"": ""Enchantment"", ""level"": 2, ""page"": 289}"
